"site_id","date","watt_min","watt_max","watt_avg","watt_hours","watt_hours_expected","site","address","latitude","longitude","department","YearMonth"
3764455,2021-05-01,NA,18251,5928,137895,NA,"Banneker","930 West 7th Street",39.168883,-86.545038,"Bloomington Parks & Rec","2021-05"
3764457,2021-05-01,NA,40549,15029,322932,175536,"Police Firing Range","3230 South Walnut Street",39.126991,-86.532934,"Bloomington Public Works","2021-05"
3764459,2021-05-01,NA,10840,3073,70266,NA,"Fire 3","810 North Woodlawn Avenue",39.173428,-86.523519,"Bloomington Public Works","2021-05"
3764461,2021-05-01,NA,19034,6649,151061,NA,"Sanitation Building","3410 South Walnut Street",39.122987,-86.532137,"Bloomington Public Works","2021-05"
3764463,2021-05-01,NA,18398,6278,141591,NA,"Maintenance Building 545","545 South Adams Street",39.161806,-86.549627,"Bloomington Parks & Rec","2021-05"
3764465,2021-05-01,NA,9981,3465,75353,NA,"Winslow SR.","2120 South Highland Avenue",39.140232,-86.516402,"Bloomington Parks & Rec","2021-05"
3764467,2021-05-01,NA,15024,6072,139214,NA,"Morton St Garage","220 North Morton Street",39.1678,-86.535909,"Bloomington Public Works","2021-05"
3764468,2021-05-01,NA,41924,13202,307859,NA,"Bryan Park","1020 South Woodlawn Avenue",39.15514,-86.523304,"Bloomington Parks & Rec","2021-05"
3764470,2021-05-01,NA,19435,7042,158986,NA,"Walnut St Garage","302 North Walnut Street",39.168868,-86.53325,"Bloomington Public Works","2021-05"
3764456,2021-05-01,NA,24184,7782,180423,NA,"Winslow JR.","2120 South Highland Avenue",39.140232,-86.516402,"Bloomington Parks & Rec","2021-05"
3764460,2021-05-01,NA,4979,1699,38136,NA,"Maintenance Building 345","345 South Adams Street",39.164651,-86.551031,"Bloomington Parks & Rec","2021-05"
3764464,2021-05-01,NA,8119,2893,63382,NA,"Fire 4","2201 East 3rd Street",39.164505,-86.506999,"Bloomington Public Works","2021-05"
3764466,2021-05-01,NA,14732,3567,45304,NA,"Winslow Tennis","2120 South Highland Avenue",39.140232,-86.516402,"Bloomington Parks & Rec","2021-05"
3764469,2021-05-01,NA,31478,9986,231423,NA,"Mills Pool","1100 West 14th Street",39.175869,-86.547203,"Bloomington Parks & Rec","2021-05"
3764471,2021-05-01,NA,16711,5962,136984,NA,"Street Department","1981 South Henderson Street",39.14464,-86.526946,"Bloomington Public Works","2021-05"
3764472,2021-05-01,NA,39408,13488,305969,NA,"Fire 2","800 North Woodlawn Avenue",39.173432,-86.523501,"Bloomington Public Works","2021-05"
3764473,2021-05-01,NA,42802,15091,335777,NA,"Fleet Maintenance Facility","800 East Miller Drive",39.146887,-86.524275,"Bloomington Public Works","2021-05"
3764474,2021-05-01,NA,36270,12796,283713,NA,"Fire 1","217 South Lincoln Street",39.164879,-86.530824,"Bloomington Public Works","2021-05"
3764475,2021-05-01,NA,16743,4349,97408,NA,"Olcott Park","1300 East Canada Drive",39.127835,-86.510092,"Bloomington Parks & Rec","2021-05"
3764476,2021-05-01,NA,4755,1597,35733,NA,"RCA Thompson","2125 West Rca Park Drive",39.144607,-86.54551,"Bloomington Parks & Rec","2021-05"
3767517,2021-05-01,NA,78870,24789,594310,NA,"Showers City Hall Covered Parking","401 North Morton Street",39.170308,-86.536943,"Bloomington Public Works","2021-05"
3767518,2021-05-01,NA,35290,11288,270720,NA,"SE Booster Station & Tank","4101 South Harrell Road",39.119423,-86.497204,"Bloomington Utilites","2021-05"
3767519,2021-05-01,NA,64440,19209,461970,NA,"Twin Lakes Ballfields","2350 West Bloomfield Road",39.153763,-86.565233,"Bloomington Parks & Rec","2021-05"
3767523,2021-05-01,NA,104530,34728,835250,NA,"Bus Transit Center","301 South Walnut Street",39.164416,-86.533327,"Bloomington Public Works","2021-05"
3767528,2021-05-01,NA,491481,172992,4128282,NA,"Dillman WWTP Complex","100 West Dillman Road",39.094383,-86.54907,"Bloomington Utilites","2021-05"
3767564,2021-05-01,NA,134828,54967,936445,NA,"Monroe WTP Complex","7470 South Shields Ridge Road",39.071776,-86.463666,"Bloomington Utilites","2021-05"
3767565,2021-05-01,NA,162300,53944,1290620,NA,"Frank Southern Center","1965 South Henderson Street",39.144845,-86.526945,"Bloomington Parks & Rec","2021-05"
3767567,2021-05-01,NA,201450,67266,1612190,NA,"Utility Department HQ","600 East Miller Drive",39.146239,-86.5261,"Bloomington Utilites","2021-05"
3767568,2021-05-01,NA,513830,170149,4085750,NA,"Twin Lakes Rec Center","1700 West Bloomfield Road",39.15635,-86.563258,"Bloomington Parks & Rec","2021-05"
3764455,2021-05-02,NA,16003,3330,78252,NA,"Banneker","930 West 7th Street",39.168883,-86.545038,"Bloomington Parks & Rec","2021-05"
3764456,2021-05-02,NA,23376,4348,101197,NA,"Winslow JR.","2120 South Highland Avenue",39.140232,-86.516402,"Bloomington Parks & Rec","2021-05"
3764457,2021-05-02,NA,41005,8321,180479,175536,"Police Firing Range","3230 South Walnut Street",39.126991,-86.532934,"Bloomington Public Works","2021-05"
3764459,2021-05-02,NA,10252,1933,43528,NA,"Fire 3","810 North Woodlawn Avenue",39.173428,-86.523519,"Bloomington Public Works","2021-05"
3764460,2021-05-02,NA,4276,912,20726,NA,"Maintenance Building 345","345 South Adams Street",39.164651,-86.551031,"Bloomington Parks & Rec","2021-05"
3764461,2021-05-02,NA,18708,3722,83775,NA,"Sanitation Building","3410 South Walnut Street",39.122987,-86.532137,"Bloomington Public Works","2021-05"
3764463,2021-05-02,NA,16802,3623,79159,NA,"Maintenance Building 545","545 South Adams Street",39.161806,-86.549627,"Bloomington Parks & Rec","2021-05"
3764464,2021-05-02,NA,7740,1604,35736,NA,"Fire 4","2201 East 3rd Street",39.164505,-86.506999,"Bloomington Public Works","2021-05"
3764465,2021-05-02,NA,9958,1873,41831,NA,"Winslow SR.","2120 South Highland Avenue",39.140232,-86.516402,"Bloomington Parks & Rec","2021-05"
3764466,2021-05-02,NA,NA,NA,NA,NA,"Winslow Tennis","2120 South Highland Avenue",39.140232,-86.516402,"Bloomington Parks & Rec","2021-05"
3764467,2021-05-02,NA,15153,3698,84525,NA,"Morton St Garage","220 North Morton Street",39.1678,-86.535909,"Bloomington Public Works","2021-05"
3764468,2021-05-02,NA,41198,7910,183299,NA,"Bryan Park","1020 South Woodlawn Avenue",39.15514,-86.523304,"Bloomington Parks & Rec","2021-05"
3764469,2021-05-02,NA,28982,5679,132238,NA,"Mills Pool","1100 West 14th Street",39.175869,-86.547203,"Bloomington Parks & Rec","2021-05"
3764470,2021-05-02,NA,17984,3872,88237,NA,"Walnut St Garage","302 North Walnut Street",39.168868,-86.53325,"Bloomington Public Works","2021-05"
3764471,2021-05-02,NA,16589,3378,76170,NA,"Street Department","1981 South Henderson Street",39.14464,-86.526946,"Bloomington Public Works","2021-05"
3764472,2021-05-02,NA,37823,7777,176332,NA,"Fire 2","800 North Woodlawn Avenue",39.173432,-86.523501,"Bloomington Public Works","2021-05"
3764473,2021-05-02,NA,40102,8457,191185,NA,"Fleet Maintenance Facility","800 East Miller Drive",39.146887,-86.524275,"Bloomington Public Works","2021-05"
3764474,2021-05-02,NA,31499,7351,163391,NA,"Fire 1","217 South Lincoln Street",39.164879,-86.530824,"Bloomington Public Works","2021-05"
3764475,2021-05-02,NA,16505,2857,65188,NA,"Olcott Park","1300 East Canada Drive",39.127835,-86.510092,"Bloomington Parks & Rec","2021-05"
3764476,2021-05-02,NA,4413,863,19115,NA,"RCA Thompson","2125 West Rca Park Drive",39.144607,-86.54551,"Bloomington Parks & Rec","2021-05"
3767517,2021-05-02,NA,73830,14639,355080,NA,"Showers City Hall Covered Parking","401 North Morton Street",39.170308,-86.536943,"Bloomington Public Works","2021-05"
3767518,2021-05-02,NA,34950,6046,143780,NA,"SE Booster Station & Tank","4101 South Harrell Road",39.119423,-86.497204,"Bloomington Utilites","2021-05"
3767519,2021-05-02,NA,55850,10659,256220,NA,"Twin Lakes Ballfields","2350 West Bloomfield Road",39.153763,-86.565233,"Bloomington Parks & Rec","2021-05"
3767523,2021-05-02,NA,93060,19672,468500,NA,"Bus Transit Center","301 South Walnut Street",39.164416,-86.533327,"Bloomington Public Works","2021-05"
3767528,2021-05-02,NA,384374,75959,1810009,NA,"Dillman WWTP Complex","100 West Dillman Road",39.094383,-86.54907,"Bloomington Utilites","2021-05"
3767564,2021-05-02,NA,136158,27770,589973,NA,"Monroe WTP Complex","7470 South Shields Ridge Road",39.071776,-86.463666,"Bloomington Utilites","2021-05"
3767565,2021-05-02,NA,161180,30260,722320,NA,"Frank Southern Center","1965 South Henderson Street",39.144845,-86.526945,"Bloomington Parks & Rec","2021-05"
3767567,2021-05-02,NA,193160,37999,903810,NA,"Utility Department HQ","600 East Miller Drive",39.146239,-86.5261,"Bloomington Utilites","2021-05"
3767568,2021-05-02,NA,455740,95106,2299250,NA,"Twin Lakes Rec Center","1700 West Bloomfield Road",39.15635,-86.563258,"Bloomington Parks & Rec","2021-05"
3764455,2021-05-03,NA,11830,1570,37013,NA,"Banneker","930 West 7th Street",39.168883,-86.545038,"Bloomington Parks & Rec","2021-05"
3764456,2021-05-03,NA,18846,1834,42214,NA,"Winslow JR.","2120 South Highland Avenue",39.140232,-86.516402,"Bloomington Parks & Rec","2021-05"
3764457,2021-05-03,NA,25930,3859,82405,175536,"Police Firing Range","3230 South Walnut Street",39.126991,-86.532934,"Bloomington Public Works","2021-05"
3764459,2021-05-03,NA,6785,890,19918,NA,"Fire 3","810 North Woodlawn Avenue",39.173428,-86.523519,"Bloomington Public Works","2021-05"
3764460,2021-05-03,NA,2618,440,9820,NA,"Maintenance Building 345","345 South Adams Street",39.164651,-86.551031,"Bloomington Parks & Rec","2021-05"
3764461,2021-05-03,NA,12767,1780,40210,NA,"Sanitation Building","3410 South Walnut Street",39.122987,-86.532137,"Bloomington Public Works","2021-05"
3764463,2021-05-03,NA,12335,1755,37771,NA,"Maintenance Building 545","545 South Adams Street",39.161806,-86.549627,"Bloomington Parks & Rec","2021-05"
3764464,2021-05-03,NA,5012,689,15443,NA,"Fire 4","2201 East 3rd Street",39.164505,-86.506999,"Bloomington Public Works","2021-05"
3764465,2021-05-03,NA,7408,754,16857,NA,"Winslow SR.","2120 South Highland Avenue",39.140232,-86.516402,"Bloomington Parks & Rec","2021-05"
3764466,2021-05-03,NA,NA,NA,NA,NA,"Winslow Tennis","2120 South Highland Avenue",39.140232,-86.516402,"Bloomington Parks & Rec","2021-05"
3764467,2021-05-03,NA,15091,1812,40842,NA,"Morton St Garage","220 North Morton Street",39.1678,-86.535909,"Bloomington Public Works","2021-05"
3764468,2021-05-03,NA,20052,3275,76371,NA,"Bryan Park","1020 South Woodlawn Avenue",39.15514,-86.523304,"Bloomington Parks & Rec","2021-05"
3764469,2021-05-03,NA,27244,2692,61223,NA,"Mills Pool","1100 West 14th Street",39.175869,-86.547203,"Bloomington Parks & Rec","2021-05"
3764470,2021-05-03,NA,15186,1903,42383,NA,"Walnut St Garage","302 North Walnut Street",39.168868,-86.53325,"Bloomington Public Works","2021-05"
3764471,2021-05-03,NA,10697,1647,36834,NA,"Street Department","1981 South Henderson Street",39.14464,-86.526946,"Bloomington Public Works","2021-05"
3764472,2021-05-03,NA,23047,3921,87876,NA,"Fire 2","800 North Woodlawn Avenue",39.173432,-86.523501,"Bloomington Public Works","2021-05"
3764473,2021-05-03,NA,30483,4160,90545,NA,"Fleet Maintenance Facility","800 East Miller Drive",39.146887,-86.524275,"Bloomington Public Works","2021-05"
3764474,2021-05-03,NA,32678,3727,82004,NA,"Fire 1","217 South Lincoln Street",39.164879,-86.530824,"Bloomington Public Works","2021-05"
3764475,2021-05-03,NA,9011,1454,31970,NA,"Olcott Park","1300 East Canada Drive",39.127835,-86.510092,"Bloomington Parks & Rec","2021-05"
3764476,2021-05-03,NA,4242,389,8329,NA,"RCA Thompson","2125 West Rca Park Drive",39.144607,-86.54551,"Bloomington Parks & Rec","2021-05"
3767517,2021-05-03,NA,37440,6178,150050,NA,"Showers City Hall Covered Parking","401 North Morton Street",39.170308,-86.536943,"Bloomington Public Works","2021-05"
3767518,2021-05-03,NA,17880,2684,66250,NA,"SE Booster Station & Tank","4101 South Harrell Road",39.119423,-86.497204,"Bloomington Utilites","2021-05"
3767519,2021-05-03,NA,36120,4841,116640,NA,"Twin Lakes Ballfields","2350 West Bloomfield Road",39.153763,-86.565233,"Bloomington Parks & Rec","2021-05"
3767523,2021-05-03,NA,-30,-35,-150,NA,"Bus Transit Center","301 South Walnut Street",39.164416,-86.533327,"Bloomington Public Works","2021-05"
3767528,2021-05-03,NA,496276,49848,1214574,NA,"Dillman WWTP Complex","100 West Dillman Road",39.094383,-86.54907,"Bloomington Utilites","2021-05"
3767564,2021-05-03,NA,119896,14990,360588,NA,"Monroe WTP Complex","7470 South Shields Ridge Road",39.071776,-86.463666,"Bloomington Utilites","2021-05"
3767565,2021-05-03,NA,123530,14359,343750,NA,"Frank Southern Center","1965 South Henderson Street",39.144845,-86.526945,"Bloomington Parks & Rec","2021-05"
3767567,2021-05-03,NA,146450,17998,432500,NA,"Utility Department HQ","600 East Miller Drive",39.146239,-86.5261,"Bloomington Utilites","2021-05"
3767568,2021-05-03,NA,473210,47525,1122000,NA,"Twin Lakes Rec Center","1700 West Bloomfield Road",39.15635,-86.563258,"Bloomington Parks & Rec","2021-05"
3764455,2021-05-04,NA,12760,967,23707,NA,"Banneker","930 West 7th Street",39.168883,-86.545038,"Bloomington Parks & Rec","2021-05"
3764456,2021-05-04,NA,16385,1258,29703,NA,"Winslow JR.","2120 South Highland Avenue",39.140232,-86.516402,"Bloomington Parks & Rec","2021-05"
3764457,2021-05-04,NA,20958,2580,56158,175536,"Police Firing Range","3230 South Walnut Street",39.126991,-86.532934,"Bloomington Public Works","2021-05"
3764459,2021-05-04,NA,5000,528,11760,NA,"Fire 3","810 North Woodlawn Avenue",39.173428,-86.523519,"Bloomington Public Works","2021-05"
3764460,2021-05-04,NA,3337,252,5665,NA,"Maintenance Building 345","345 South Adams Street",39.164651,-86.551031,"Bloomington Parks & Rec","2021-05"
3764461,2021-05-04,NA,16270,1175,25851,NA,"Sanitation Building","3410 South Walnut Street",39.122987,-86.532137,"Bloomington Public Works","2021-05"
3764463,2021-05-04,NA,15127,1034,22144,NA,"Maintenance Building 545","545 South Adams Street",39.161806,-86.549627,"Bloomington Parks & Rec","2021-05"
3764464,2021-05-04,NA,6058,397,10044,NA,"Fire 4","2201 East 3rd Street",39.164505,-86.506999,"Bloomington Public Works","2021-05"
3764465,2021-05-04,NA,9104,531,10839,NA,"Winslow SR.","2120 South Highland Avenue",39.140232,-86.516402,"Bloomington Parks & Rec","2021-05"
3764466,2021-05-04,NA,NA,NA,NA,NA,"Winslow Tennis","2120 South Highland Avenue",39.140232,-86.516402,"Bloomington Parks & Rec","2021-05"
3764467,2021-05-04,NA,12499,1132,25540,NA,"Morton St Garage","220 North Morton Street",39.1678,-86.535909,"Bloomington Public Works","2021-05"
3764468,2021-05-04,NA,36881,2163,50050,NA,"Bryan Park","1020 South Woodlawn Avenue",39.15514,-86.523304,"Bloomington Parks & Rec","2021-05"
3764469,2021-05-04,NA,20468,1519,35913,NA,"Mills Pool","1100 West 14th Street",39.175869,-86.547203,"Bloomington Parks & Rec","2021-05"
3764470,2021-05-04,NA,11257,1173,25917,NA,"Walnut St Garage","302 North Walnut Street",39.168868,-86.53325,"Bloomington Public Works","2021-05"
3764471,2021-05-04,NA,16982,1057,23442,NA,"Street Department","1981 South Henderson Street",39.14464,-86.526946,"Bloomington Public Works","2021-05"
3764472,2021-05-04,NA,32608,2415,53934,NA,"Fire 2","800 North Woodlawn Avenue",39.173432,-86.523501,"Bloomington Public Works","2021-05"
3764473,2021-05-04,NA,26003,2601,58483,NA,"Fleet Maintenance Facility","800 East Miller Drive",39.146887,-86.524275,"Bloomington Public Works","2021-05"
3764474,2021-05-04,NA,21658,2281,49798,NA,"Fire 1","217 South Lincoln Street",39.164879,-86.530824,"Bloomington Public Works","2021-05"
3764475,2021-05-04,NA,9324,934,20966,NA,"Olcott Park","1300 East Canada Drive",39.127835,-86.510092,"Bloomington Parks & Rec","2021-05"
3764476,2021-05-04,NA,5263,240,5095,NA,"RCA Thompson","2125 West Rca Park Drive",39.144607,-86.54551,"Bloomington Parks & Rec","2021-05"
3767517,2021-05-04,NA,56400,4169,98230,NA,"Showers City Hall Covered Parking","401 North Morton Street",39.170308,-86.536943,"Bloomington Public Works","2021-05"
3767518,2021-05-04,NA,21050,1674,40160,NA,"SE Booster Station & Tank","4101 South Harrell Road",39.119423,-86.497204,"Bloomington Utilites","2021-05"
3767519,2021-05-04,NA,38350,3003,73330,NA,"Twin Lakes Ballfields","2350 West Bloomfield Road",39.153763,-86.565233,"Bloomington Parks & Rec","2021-05"
3767523,2021-05-04,NA,NA,NA,NA,NA,"Bus Transit Center","301 South Walnut Street",39.164416,-86.533327,"Bloomington Public Works","2021-05"
3767528,2021-05-04,NA,284336,27698,661695,NA,"Dillman WWTP Complex","100 West Dillman Road",39.094383,-86.54907,"Bloomington Utilites","2021-05"
3767564,2021-05-04,NA,75322,8219,195192,NA,"Monroe WTP Complex","7470 South Shields Ridge Road",39.071776,-86.463666,"Bloomington Utilites","2021-05"
3767565,2021-05-04,NA,126190,9264,221560,NA,"Frank Southern Center","1965 South Henderson Street",39.144845,-86.526945,"Bloomington Parks & Rec","2021-05"
3767567,2021-05-04,NA,187540,11850,277690,NA,"Utility Department HQ","600 East Miller Drive",39.146239,-86.5261,"Bloomington Utilites","2021-05"
3767568,2021-05-04,NA,359920,29937,719250,NA,"Twin Lakes Rec Center","1700 West Bloomfield Road",39.15635,-86.563258,"Bloomington Parks & Rec","2021-05"
3764455,2021-05-05,NA,20558,6349,146470,NA,"Banneker","930 West 7th Street",39.168883,-86.545038,"Bloomington Parks & Rec","2021-05"
3764456,2021-05-05,NA,24715,8028,187013,NA,"Winslow JR.","2120 South Highland Avenue",39.140232,-86.516402,"Bloomington Parks & Rec","2021-05"
3764457,2021-05-05,NA,46709,15931,343509,175536,"Police Firing Range","3230 South Walnut Street",39.126991,-86.532934,"Bloomington Public Works","2021-05"
3764459,2021-05-05,NA,12022,3215,73729,NA,"Fire 3","810 North Woodlawn Avenue",39.173428,-86.523519,"Bloomington Public Works","2021-05"
3764460,2021-05-05,NA,5219,1783,39751,NA,"Maintenance Building 345","345 South Adams Street",39.164651,-86.551031,"Bloomington Parks & Rec","2021-05"
3764461,2021-05-05,NA,21529,7128,161989,NA,"Sanitation Building","3410 South Walnut Street",39.122987,-86.532137,"Bloomington Public Works","2021-05"
3764463,2021-05-05,NA,19712,6793,148230,NA,"Maintenance Building 545","545 South Adams Street",39.161806,-86.549627,"Bloomington Parks & Rec","2021-05"
3764464,2021-05-05,NA,8670,3000,66301,NA,"Fire 4","2201 East 3rd Street",39.164505,-86.506999,"Bloomington Public Works","2021-05"
3764465,2021-05-05,NA,10601,3630,78764,NA,"Winslow SR.","2120 South Highland Avenue",39.140232,-86.516402,"Bloomington Parks & Rec","2021-05"
3764466,2021-05-05,NA,NA,NA,NA,NA,"Winslow Tennis","2120 South Highland Avenue",39.140232,-86.516402,"Bloomington Parks & Rec","2021-05"
3764467,2021-05-05,NA,15089,6332,140963,NA,"Morton St Garage","220 North Morton Street",39.1678,-86.535909,"Bloomington Public Works","2021-05"
3764468,2021-05-05,NA,44786,13794,323163,NA,"Bryan Park","1020 South Woodlawn Avenue",39.15514,-86.523304,"Bloomington Parks & Rec","2021-05"
3764469,2021-05-05,NA,33962,10007,230855,NA,"Mills Pool","1100 West 14th Street",39.175869,-86.547203,"Bloomington Parks & Rec","2021-05"
3764470,2021-05-05,NA,19479,7067,164642,NA,"Walnut St Garage","302 North Walnut Street",39.168868,-86.53325,"Bloomington Public Works","2021-05"
3764471,2021-05-05,NA,18058,6455,146887,NA,"Street Department","1981 South Henderson Street",39.14464,-86.526946,"Bloomington Public Works","2021-05"
3764472,2021-05-05,NA,43797,13193,308813,NA,"Fire 2","800 North Woodlawn Avenue",39.173432,-86.523501,"Bloomington Public Works","2021-05"
3764473,2021-05-05,NA,46410,15917,357332,NA,"Fleet Maintenance Facility","800 East Miller Drive",39.146887,-86.524275,"Bloomington Public Works","2021-05"
3764475,2021-05-05,NA,17268,4464,101704,NA,"Olcott Park","1300 East Canada Drive",39.127835,-86.510092,"Bloomington Parks & Rec","2021-05"
3764476,2021-05-05,NA,5266,1659,37846,NA,"RCA Thompson","2125 West Rca Park Drive",39.144607,-86.54551,"Bloomington Parks & Rec","2021-05"
3767518,2021-05-05,NA,38080,12024,284660,NA,"SE Booster Station & Tank","4101 South Harrell Road",39.119423,-86.497204,"Bloomington Utilites","2021-05"
3767519,2021-05-05,NA,71380,19192,461080,NA,"Twin Lakes Ballfields","2350 West Bloomfield Road",39.153763,-86.565233,"Bloomington Parks & Rec","2021-05"
3767523,2021-05-05,NA,NA,NA,NA,NA,"Bus Transit Center","301 South Walnut Street",39.164416,-86.533327,"Bloomington Public Works","2021-05"
3767564,2021-05-05,NA,142550,46570,1098583,NA,"Monroe WTP Complex","7470 South Shields Ridge Road",39.071776,-86.463666,"Bloomington Utilites","2021-05"
3767565,2021-05-05,NA,172410,56822,1367440,NA,"Frank Southern Center","1965 South Henderson Street",39.144845,-86.526945,"Bloomington Parks & Rec","2021-05"
3767567,2021-05-05,NA,222930,72629,1730180,NA,"Utility Department HQ","600 East Miller Drive",39.146239,-86.5261,"Bloomington Utilites","2021-05"
3764455,2021-05-06,NA,19533,2866,64373,NA,"Banneker","930 West 7th Street",39.168883,-86.545038,"Bloomington Parks & Rec","2021-05"
3764456,2021-05-06,NA,21930,3626,85198,NA,"Winslow JR.","2120 South Highland Avenue",39.140232,-86.516402,"Bloomington Parks & Rec","2021-05"
3764459,2021-05-06,NA,9356,1401,31788,NA,"Fire 3","810 North Woodlawn Avenue",39.173428,-86.523519,"Bloomington Public Works","2021-05"
3764460,2021-05-06,NA,5213,747,17060,NA,"Maintenance Building 345","345 South Adams Street",39.164651,-86.551031,"Bloomington Parks & Rec","2021-05"
3764463,2021-05-06,NA,17362,3046,65075,NA,"Maintenance Building 545","545 South Adams Street",39.161806,-86.549627,"Bloomington Parks & Rec","2021-05"
3764465,2021-05-06,NA,9980,1494,33545,NA,"Winslow SR.","2120 South Highland Avenue",39.140232,-86.516402,"Bloomington Parks & Rec","2021-05"
3764466,2021-05-06,NA,15565,3272,46912,NA,"Winslow Tennis","2120 South Highland Avenue",39.140232,-86.516402,"Bloomington Parks & Rec","2021-05"
3764468,2021-05-06,NA,48514,6716,155392,NA,"Bryan Park","1020 South Woodlawn Avenue",39.15514,-86.523304,"Bloomington Parks & Rec","2021-05"
3764469,2021-05-06,NA,23838,4293,99425,NA,"Mills Pool","1100 West 14th Street",39.175869,-86.547203,"Bloomington Parks & Rec","2021-05"
3764471,2021-05-06,NA,18727,3001,66776,NA,"Street Department","1981 South Henderson Street",39.14464,-86.526946,"Bloomington Public Works","2021-05"
3764474,2021-05-05,NA,38288,13841,303318,NA,"Fire 1","217 South Lincoln Street",39.164879,-86.530824,"Bloomington Public Works","2021-05"
3767517,2021-05-05,NA,89880,26021,632030,NA,"Showers City Hall Covered Parking","401 North Morton Street",39.170308,-86.536943,"Bloomington Public Works","2021-05"
3767528,2021-05-05,NA,499169,172666,4109188,NA,"Dillman WWTP Complex","100 West Dillman Road",39.094383,-86.54907,"Bloomington Utilites","2021-05"
3767568,2021-05-05,NA,562830,174837,4097120,NA,"Twin Lakes Rec Center","1700 West Bloomfield Road",39.15635,-86.563258,"Bloomington Parks & Rec","2021-05"
3764457,2021-05-06,NA,47582,7450,159073,175536,"Police Firing Range","3230 South Walnut Street",39.126991,-86.532934,"Bloomington Public Works","2021-05"
3764461,2021-05-06,NA,22108,3280,73929,NA,"Sanitation Building","3410 South Walnut Street",39.122987,-86.532137,"Bloomington Public Works","2021-05"
3764464,2021-05-06,NA,8517,1269,28694,NA,"Fire 4","2201 East 3rd Street",39.164505,-86.506999,"Bloomington Public Works","2021-05"
3764467,2021-05-06,NA,15072,3137,69971,NA,"Morton St Garage","220 North Morton Street",39.1678,-86.535909,"Bloomington Public Works","2021-05"
3764470,2021-05-06,NA,19480,3173,72870,NA,"Walnut St Garage","302 North Walnut Street",39.168868,-86.53325,"Bloomington Public Works","2021-05"
3764472,2021-05-06,NA,40889,6273,141365,NA,"Fire 2","800 North Woodlawn Avenue",39.173432,-86.523501,"Bloomington Public Works","2021-05"
3764473,2021-05-06,NA,47513,7369,165405,NA,"Fleet Maintenance Facility","800 East Miller Drive",39.146887,-86.524275,"Bloomington Public Works","2021-05"
3764474,2021-05-06,NA,38303,6261,137886,NA,"Fire 1","217 South Lincoln Street",39.164879,-86.530824,"Bloomington Public Works","2021-05"
3764475,2021-05-06,NA,14230,2370,53092,NA,"Olcott Park","1300 East Canada Drive",39.127835,-86.510092,"Bloomington Parks & Rec","2021-05"
3764476,2021-05-06,NA,5272,668,15756,NA,"RCA Thompson","2125 West Rca Park Drive",39.144607,-86.54551,"Bloomington Parks & Rec","2021-05"
3767517,2021-05-06,NA,79690,12308,300860,NA,"Showers City Hall Covered Parking","401 North Morton Street",39.170308,-86.536943,"Bloomington Public Works","2021-05"
3767518,2021-05-06,NA,36060,5058,121650,NA,"SE Booster Station & Tank","4101 South Harrell Road",39.119423,-86.497204,"Bloomington Utilites","2021-05"
3767519,2021-05-06,NA,69880,8995,212000,NA,"Twin Lakes Ballfields","2350 West Bloomfield Road",39.153763,-86.565233,"Bloomington Parks & Rec","2021-05"
3767523,2021-05-06,NA,121420,22422,322720,NA,"Bus Transit Center","301 South Walnut Street",39.164416,-86.533327,"Bloomington Public Works","2021-05"
3767528,2021-05-06,NA,494753,88891,2108446,NA,"Dillman WWTP Complex","100 West Dillman Road",39.094383,-86.54907,"Bloomington Utilites","2021-05"
3767564,2021-05-06,NA,143695,24981,596189,NA,"Monroe WTP Complex","7470 South Shields Ridge Road",39.071776,-86.463666,"Bloomington Utilites","2021-05"
3767565,2021-05-06,NA,169870,25589,623560,NA,"Frank Southern Center","1965 South Henderson Street",39.144845,-86.526945,"Bloomington Parks & Rec","2021-05"
3767567,2021-05-06,NA,218250,32240,782320,NA,"Utility Department HQ","600 East Miller Drive",39.146239,-86.5261,"Bloomington Utilites","2021-05"
3767568,2021-05-06,NA,518710,86137,2042750,NA,"Twin Lakes Rec Center","1700 West Bloomfield Road",39.15635,-86.563258,"Bloomington Parks & Rec","2021-05"
3764455,2021-05-07,NA,22501,4874,111151,NA,"Banneker","930 West 7th Street",39.168883,-86.545038,"Bloomington Parks & Rec","2021-05"
3764456,2021-05-07,NA,26968,6405,147896,NA,"Winslow JR.","2120 South Highland Avenue",39.140232,-86.516402,"Bloomington Parks & Rec","2021-05"
3764457,2021-05-07,NA,49875,13029,275631,175536,"Police Firing Range","3230 South Walnut Street",39.126991,-86.532934,"Bloomington Public Works","2021-05"
3764459,2021-05-07,NA,12616,2527,56726,NA,"Fire 3","810 North Woodlawn Avenue",39.173428,-86.523519,"Bloomington Public Works","2021-05"
3764460,2021-05-07,NA,5217,1586,26365,NA,"Maintenance Building 345","345 South Adams Street",39.164651,-86.551031,"Bloomington Parks & Rec","2021-05"
3764461,2021-05-07,NA,23334,5441,126693,NA,"Sanitation Building","3410 South Walnut Street",39.122987,-86.532137,"Bloomington Public Works","2021-05"
3764463,2021-05-07,NA,19716,5883,97767,NA,"Maintenance Building 545","545 South Adams Street",39.161806,-86.549627,"Bloomington Parks & Rec","2021-05"
3764464,2021-05-07,NA,10029,2379,50763,NA,"Fire 4","2201 East 3rd Street",39.164505,-86.506999,"Bloomington Public Works","2021-05"
3764465,2021-05-07,NA,10816,2927,61949,NA,"Winslow SR.","2120 South Highland Avenue",39.140232,-86.516402,"Bloomington Parks & Rec","2021-05"
3764466,2021-05-07,NA,16618,4073,92824,NA,"Winslow Tennis","2120 South Highland Avenue",39.140232,-86.516402,"Bloomington Parks & Rec","2021-05"
3764467,2021-05-07,NA,15029,4810,110852,NA,"Morton St Garage","220 North Morton Street",39.1678,-86.535909,"Bloomington Public Works","2021-05"
3764468,2021-05-07,NA,48367,10791,258378,NA,"Bryan Park","1020 South Woodlawn Avenue",39.15514,-86.523304,"Bloomington Parks & Rec","2021-05"
3764469,2021-05-07,NA,36110,7741,180411,NA,"Mills Pool","1100 West 14th Street",39.175869,-86.547203,"Bloomington Parks & Rec","2021-05"
3764470,2021-05-07,NA,19512,5597,122969,NA,"Walnut St Garage","302 North Walnut Street",39.168868,-86.53325,"Bloomington Public Works","2021-05"
3764471,2021-05-07,NA,19505,5178,115449,NA,"Street Department","1981 South Henderson Street",39.14464,-86.526946,"Bloomington Public Works","2021-05"
3764472,2021-05-07,NA,45441,11006,246560,NA,"Fire 2","800 North Woodlawn Avenue",39.173432,-86.523501,"Bloomington Public Works","2021-05"
3764473,2021-05-07,NA,49369,12667,284193,NA,"Fleet Maintenance Facility","800 East Miller Drive",39.146887,-86.524275,"Bloomington Public Works","2021-05"
3764474,2021-05-07,NA,49930,10563,233627,NA,"Fire 1","217 South Lincoln Street",39.164879,-86.530824,"Bloomington Public Works","2021-05"
3764475,2021-05-07,NA,18694,3868,87079,NA,"Olcott Park","1300 East Canada Drive",39.127835,-86.510092,"Bloomington Parks & Rec","2021-05"
3764476,2021-05-07,NA,5054,1245,28872,NA,"RCA Thompson","2125 West Rca Park Drive",39.144607,-86.54551,"Bloomington Parks & Rec","2021-05"
3767517,2021-05-07,NA,88980,21207,499130,NA,"Showers City Hall Covered Parking","401 North Morton Street",39.170308,-86.536943,"Bloomington Public Works","2021-05"
3767518,2021-05-07,NA,39890,9191,218850,NA,"SE Booster Station & Tank","4101 South Harrell Road",39.119423,-86.497204,"Bloomington Utilites","2021-05"
3767519,2021-05-07,NA,72660,15267,374040,NA,"Twin Lakes Ballfields","2350 West Bloomfield Road",39.153763,-86.565233,"Bloomington Parks & Rec","2021-05"
3767523,2021-05-07,NA,121040,28381,683710,NA,"Bus Transit Center","301 South Walnut Street",39.164416,-86.533327,"Bloomington Public Works","2021-05"
3767528,2021-05-07,NA,496845,137308,3270212,NA,"Dillman WWTP Complex","100 West Dillman Road",39.094383,-86.54907,"Bloomington Utilites","2021-05"
3767564,2021-05-07,NA,153307,37683,909455,NA,"Monroe WTP Complex","7470 South Shields Ridge Road",39.071776,-86.463666,"Bloomington Utilites","2021-05"
3767565,2021-05-07,NA,175900,45562,1075620,NA,"Frank Southern Center","1965 South Henderson Street",39.144845,-86.526945,"Bloomington Parks & Rec","2021-05"
3767567,2021-05-07,NA,229020,57355,1346060,NA,"Utility Department HQ","600 East Miller Drive",39.146239,-86.5261,"Bloomington Utilites","2021-05"
3767568,2021-05-07,NA,529610,135554,3311500,NA,"Twin Lakes Rec Center","1700 West Bloomfield Road",39.15635,-86.563258,"Bloomington Parks & Rec","2021-05"
3764455,2021-05-08,NA,18650,5301,121890,NA,"Banneker","930 West 7th Street",39.168883,-86.545038,"Bloomington Parks & Rec","2021-05"
3764456,2021-05-08,NA,24741,6716,157747,NA,"Winslow JR.","2120 South Highland Avenue",39.140232,-86.516402,"Bloomington Parks & Rec","2021-05"
3764457,2021-05-08,NA,43919,12836,274457,175536,"Police Firing Range","3230 South Walnut Street",39.126991,-86.532934,"Bloomington Public Works","2021-05"
3764459,2021-05-08,NA,10947,2833,64150,NA,"Fire 3","810 North Woodlawn Avenue",39.173428,-86.523519,"Bloomington Public Works","2021-05"
3764460,2021-05-08,NA,5220,1435,31942,NA,"Maintenance Building 345","345 South Adams Street",39.164651,-86.551031,"Bloomington Parks & Rec","2021-05"
3764461,2021-05-08,NA,21651,5751,129959,NA,"Sanitation Building","3410 South Walnut Street",39.122987,-86.532137,"Bloomington Public Works","2021-05"
3764463,2021-05-08,NA,19286,5568,119812,NA,"Maintenance Building 545","545 South Adams Street",39.161806,-86.549627,"Bloomington Parks & Rec","2021-05"
3764464,2021-05-08,NA,8569,2478,54517,NA,"Fire 4","2201 East 3rd Street",39.164505,-86.506999,"Bloomington Public Works","2021-05"
3764465,2021-05-08,NA,10674,2976,64722,NA,"Winslow SR.","2120 South Highland Avenue",39.140232,-86.516402,"Bloomington Parks & Rec","2021-05"
3764466,2021-05-08,NA,15882,4288,97547,NA,"Winslow Tennis","2120 South Highland Avenue",39.140232,-86.516402,"Bloomington Parks & Rec","2021-05"
3764467,2021-05-08,NA,15043,5244,120511,NA,"Morton St Garage","220 North Morton Street",39.1678,-86.535909,"Bloomington Public Works","2021-05"
3764468,2021-05-08,NA,41704,12147,280904,NA,"Bryan Park","1020 South Woodlawn Avenue",39.15514,-86.523304,"Bloomington Parks & Rec","2021-05"
3764469,2021-05-08,NA,33715,8728,201765,NA,"Mills Pool","1100 West 14th Street",39.175869,-86.547203,"Bloomington Parks & Rec","2021-05"
3764470,2021-05-08,NA,19510,5890,135967,NA,"Walnut St Garage","302 North Walnut Street",39.168868,-86.53325,"Bloomington Public Works","2021-05"
3764471,2021-05-08,NA,17446,5289,117894,NA,"Street Department","1981 South Henderson Street",39.14464,-86.526946,"Bloomington Public Works","2021-05"
3764472,2021-05-08,NA,41435,11265,255856,NA,"Fire 2","800 North Woodlawn Avenue",39.173432,-86.523501,"Bloomington Public Works","2021-05"
3764473,2021-05-08,NA,45140,13023,291405,NA,"Fleet Maintenance Facility","800 East Miller Drive",39.146887,-86.524275,"Bloomington Public Works","2021-05"
3764474,2021-05-08,NA,38769,11285,249675,NA,"Fire 1","217 South Lincoln Street",39.164879,-86.530824,"Bloomington Public Works","2021-05"
3764475,2021-05-08,NA,17225,3840,92302,NA,"Olcott Park","1300 East Canada Drive",39.127835,-86.510092,"Bloomington Parks & Rec","2021-05"
3764476,2021-05-08,NA,4816,1323,29665,NA,"RCA Thompson","2125 West Rca Park Drive",39.144607,-86.54551,"Bloomington Parks & Rec","2021-05"
3767517,2021-05-08,NA,80350,23024,553040,NA,"Showers City Hall Covered Parking","401 North Morton Street",39.170308,-86.536943,"Bloomington Public Works","2021-05"
3767518,2021-05-08,NA,36310,9325,223680,NA,"SE Booster Station & Tank","4101 South Harrell Road",39.119423,-86.497204,"Bloomington Utilites","2021-05"
3767519,2021-05-08,NA,72320,16446,392580,NA,"Twin Lakes Ballfields","2350 West Bloomfield Road",39.153763,-86.565233,"Bloomington Parks & Rec","2021-05"
3767523,2021-05-08,NA,112280,30537,729380,NA,"Bus Transit Center","301 South Walnut Street",39.164416,-86.533327,"Bloomington Public Works","2021-05"
3767528,2021-05-08,NA,492266,148316,3524819,NA,"Dillman WWTP Complex","100 West Dillman Road",39.094383,-86.54907,"Bloomington Utilites","2021-05"
3767564,2021-05-08,NA,139869,38640,930988,NA,"Monroe WTP Complex","7470 South Shields Ridge Road",39.071776,-86.463666,"Bloomington Utilites","2021-05"
3767565,2021-05-08,NA,166120,45576,1099320,NA,"Frank Southern Center","1965 South Henderson Street",39.144845,-86.526945,"Bloomington Parks & Rec","2021-05"
3767567,2021-05-08,NA,215360,62064,1384810,NA,"Utility Department HQ","600 East Miller Drive",39.146239,-86.5261,"Bloomington Utilites","2021-05"
3767568,2021-05-08,NA,507540,145710,3504500,NA,"Twin Lakes Rec Center","1700 West Bloomfield Road",39.15635,-86.563258,"Bloomington Parks & Rec","2021-05"
3764455,2021-05-09,NA,7743,720,17388,NA,"Banneker","930 West 7th Street",39.168883,-86.545038,"Bloomington Parks & Rec","2021-05"
3764456,2021-05-09,NA,8706,916,21404,NA,"Winslow JR.","2120 South Highland Avenue",39.140232,-86.516402,"Bloomington Parks & Rec","2021-05"
3764457,2021-05-09,NA,691,8,175,175536,"Police Firing Range","3230 South Walnut Street",39.126991,-86.532934,"Bloomington Public Works","2021-05"
3764459,2021-05-09,NA,3642,392,8814,NA,"Fire 3","810 North Woodlawn Avenue",39.173428,-86.523519,"Bloomington Public Works","2021-05"
3764460,2021-05-09,NA,1988,193,4208,NA,"Maintenance Building 345","345 South Adams Street",39.164651,-86.551031,"Bloomington Parks & Rec","2021-05"
3764461,2021-05-09,NA,6990,909,20390,NA,"Sanitation Building","3410 South Walnut Street",39.122987,-86.532137,"Bloomington Public Works","2021-05"
3764463,2021-05-09,NA,7506,804,16996,NA,"Maintenance Building 545","545 South Adams Street",39.161806,-86.549627,"Bloomington Parks & Rec","2021-05"
3764464,2021-05-09,NA,3676,257,7819,NA,"Fire 4","2201 East 3rd Street",39.164505,-86.506999,"Bloomington Public Works","2021-05"
3764465,2021-05-09,NA,4467,303,8284,NA,"Winslow SR.","2120 South Highland Avenue",39.140232,-86.516402,"Bloomington Parks & Rec","2021-05"
3764466,2021-05-09,NA,6848,509,13107,NA,"Winslow Tennis","2120 South Highland Avenue",39.140232,-86.516402,"Bloomington Parks & Rec","2021-05"
3764467,2021-05-09,NA,7983,856,19202,NA,"Morton St Garage","220 North Morton Street",39.1678,-86.535909,"Bloomington Public Works","2021-05"
3764468,2021-05-09,NA,21148,1737,38385,NA,"Bryan Park","1020 South Woodlawn Avenue",39.15514,-86.523304,"Bloomington Parks & Rec","2021-05"
3764469,2021-05-09,NA,9064,1101,26631,NA,"Mills Pool","1100 West 14th Street",39.175869,-86.547203,"Bloomington Parks & Rec","2021-05"
3764470,2021-05-09,NA,8082,859,19655,NA,"Walnut St Garage","302 North Walnut Street",39.168868,-86.53325,"Bloomington Public Works","2021-05"
3764471,2021-05-09,NA,5947,826,18222,NA,"Street Department","1981 South Henderson Street",39.14464,-86.526946,"Bloomington Public Works","2021-05"
3764472,2021-05-09,NA,17824,1821,40482,NA,"Fire 2","800 North Woodlawn Avenue",39.173432,-86.523501,"Bloomington Public Works","2021-05"
3764473,2021-05-09,NA,19415,2088,46017,NA,"Fleet Maintenance Facility","800 East Miller Drive",39.146887,-86.524275,"Bloomington Public Works","2021-05"
3764474,2021-05-09,NA,14665,1728,38161,NA,"Fire 1","217 South Lincoln Street",39.164879,-86.530824,"Bloomington Public Works","2021-05"
3764475,2021-05-09,NA,6011,633,14912,NA,"Olcott Park","1300 East Canada Drive",39.127835,-86.510092,"Bloomington Parks & Rec","2021-05"
3764476,2021-05-09,NA,2081,167,3749,NA,"RCA Thompson","2125 West Rca Park Drive",39.144607,-86.54551,"Bloomington Parks & Rec","2021-05"
3767517,2021-05-09,NA,28790,2954,72440,NA,"Showers City Hall Covered Parking","401 North Morton Street",39.170308,-86.536943,"Bloomington Public Works","2021-05"
3767518,2021-05-09,NA,12800,1209,28850,NA,"SE Booster Station & Tank","4101 South Harrell Road",39.119423,-86.497204,"Bloomington Utilites","2021-05"
3767519,2021-05-09,NA,18840,2183,51520,NA,"Twin Lakes Ballfields","2350 West Bloomfield Road",39.153763,-86.565233,"Bloomington Parks & Rec","2021-05"
3767523,2021-05-09,NA,42190,4384,106000,NA,"Bus Transit Center","301 South Walnut Street",39.164416,-86.533327,"Bloomington Public Works","2021-05"
3767528,2021-05-09,NA,145972,21951,521176,NA,"Dillman WWTP Complex","100 West Dillman Road",39.094383,-86.54907,"Bloomington Utilites","2021-05"
3767564,2021-05-09,NA,46583,6206,147961,NA,"Monroe WTP Complex","7470 South Shields Ridge Road",39.071776,-86.463666,"Bloomington Utilites","2021-05"
3767565,2021-05-09,NA,76990,7333,175370,NA,"Frank Southern Center","1965 South Henderson Street",39.144845,-86.526945,"Bloomington Parks & Rec","2021-05"
3767567,2021-05-09,NA,119090,9274,220630,NA,"Utility Department HQ","600 East Miller Drive",39.146239,-86.5261,"Bloomington Utilites","2021-05"
3767568,2021-05-09,NA,179170,22029,522500,NA,"Twin Lakes Rec Center","1700 West Bloomfield Road",39.15635,-86.563258,"Bloomington Parks & Rec","2021-05"
3764456,2021-05-10,NA,25413,6524,150206,NA,"Winslow JR.","2120 South Highland Avenue",39.140232,-86.516402,"Bloomington Parks & Rec","2021-05"
3764457,2021-05-10,NA,44872,12415,268965,175536,"Police Firing Range","3230 South Walnut Street",39.126991,-86.532934,"Bloomington Public Works","2021-05"
3764459,2021-05-10,NA,11805,2725,61921,NA,"Fire 3","810 North Woodlawn Avenue",39.173428,-86.523519,"Bloomington Public Works","2021-05"
3764460,2021-05-10,NA,5211,1387,31070,NA,"Maintenance Building 345","345 South Adams Street",39.164651,-86.551031,"Bloomington Parks & Rec","2021-05"
3764461,2021-05-10,NA,23035,5462,125114,NA,"Sanitation Building","3410 South Walnut Street",39.122987,-86.532137,"Bloomington Public Works","2021-05"
3764463,2021-05-10,NA,19701,5397,117079,NA,"Maintenance Building 545","545 South Adams Street",39.161806,-86.549627,"Bloomington Parks & Rec","2021-05"
3764464,2021-05-10,NA,9161,2375,51613,NA,"Fire 4","2201 East 3rd Street",39.164505,-86.506999,"Bloomington Public Works","2021-05"
3764465,2021-05-10,NA,10669,2917,61420,NA,"Winslow SR.","2120 South Highland Avenue",39.140232,-86.516402,"Bloomington Parks & Rec","2021-05"
3764466,2021-05-10,NA,16808,4128,92691,NA,"Winslow Tennis","2120 South Highland Avenue",39.140232,-86.516402,"Bloomington Parks & Rec","2021-05"
3764467,2021-05-10,NA,15014,5166,118352,NA,"Morton St Garage","220 North Morton Street",39.1678,-86.535909,"Bloomington Public Works","2021-05"
3764468,2021-05-10,NA,47696,11585,271714,NA,"Bryan Park","1020 South Woodlawn Avenue",39.15514,-86.523304,"Bloomington Parks & Rec","2021-05"
3764469,2021-05-10,NA,34212,8866,191799,NA,"Mills Pool","1100 West 14th Street",39.175869,-86.547203,"Bloomington Parks & Rec","2021-05"
3764470,2021-05-10,NA,19460,5787,131228,NA,"Walnut St Garage","302 North Walnut Street",39.168868,-86.53325,"Bloomington Public Works","2021-05"
3764471,2021-05-10,NA,19517,5060,115478,NA,"Street Department","1981 South Henderson Street",39.14464,-86.526946,"Bloomington Public Works","2021-05"
3764472,2021-05-10,NA,43220,11132,254371,NA,"Fire 2","800 North Woodlawn Avenue",39.173432,-86.523501,"Bloomington Public Works","2021-05"
3764473,2021-05-10,NA,49412,12828,286170,NA,"Fleet Maintenance Facility","800 East Miller Drive",39.146887,-86.524275,"Bloomington Public Works","2021-05"
3764474,2021-05-10,NA,41096,11043,244267,NA,"Fire 1","217 South Lincoln Street",39.164879,-86.530824,"Bloomington Public Works","2021-05"
3764475,2021-05-10,NA,17756,4212,94469,NA,"Olcott Park","1300 East Canada Drive",39.127835,-86.510092,"Bloomington Parks & Rec","2021-05"
3764476,2021-05-10,NA,5268,1296,29326,NA,"RCA Thompson","2125 West Rca Park Drive",39.144607,-86.54551,"Bloomington Parks & Rec","2021-05"
3767517,2021-05-10,NA,85060,22525,540360,NA,"Showers City Hall Covered Parking","401 North Morton Street",39.170308,-86.536943,"Bloomington Public Works","2021-05"
3767518,2021-05-10,NA,38610,9002,215810,NA,"SE Booster Station & Tank","4101 South Harrell Road",39.119423,-86.497204,"Bloomington Utilites","2021-05"
3767519,2021-05-10,NA,69550,16124,385150,NA,"Twin Lakes Ballfields","2350 West Bloomfield Road",39.153763,-86.565233,"Bloomington Parks & Rec","2021-05"
3767523,2021-05-10,NA,122770,29682,713620,NA,"Bus Transit Center","301 South Walnut Street",39.164416,-86.533327,"Bloomington Public Works","2021-05"
3767528,2021-05-10,NA,495459,143569,3425112,NA,"Dillman WWTP Complex","100 West Dillman Road",39.094383,-86.54907,"Bloomington Utilites","2021-05"
3767564,2021-05-10,NA,146882,38612,924159,NA,"Monroe WTP Complex","7470 South Shields Ridge Road",39.071776,-86.463666,"Bloomington Utilites","2021-05"
3767565,2021-05-10,NA,171050,44928,1082560,NA,"Frank Southern Center","1965 South Henderson Street",39.144845,-86.526945,"Bloomington Parks & Rec","2021-05"
3767567,2021-05-10,NA,228700,56463,1356250,NA,"Utility Department HQ","600 East Miller Drive",39.146239,-86.5261,"Bloomington Utilites","2021-05"
3767568,2021-05-10,NA,542330,146270,3488750,NA,"Twin Lakes Rec Center","1700 West Bloomfield Road",39.15635,-86.563258,"Bloomington Parks & Rec","2021-05"
3764455,2021-05-10,NA,20323,5130,118485,NA,"Banneker","930 West 7th Street",39.168883,-86.545038,"Bloomington Parks & Rec","2021-05"
3764455,2021-05-11,NA,NA,NA,NA,NA,"Banneker","930 West 7th Street",39.168883,-86.545038,"Bloomington Parks & Rec","2021-05"
3764456,2021-05-11,NA,NA,NA,NA,NA,"Winslow JR.","2120 South Highland Avenue",39.140232,-86.516402,"Bloomington Parks & Rec","2021-05"
3764457,2021-05-11,NA,NA,NA,NA,175536,"Police Firing Range","3230 South Walnut Street",39.126991,-86.532934,"Bloomington Public Works","2021-05"
3764459,2021-05-11,NA,NA,NA,NA,NA,"Fire 3","810 North Woodlawn Avenue",39.173428,-86.523519,"Bloomington Public Works","2021-05"
3764460,2021-05-11,NA,NA,NA,NA,NA,"Maintenance Building 345","345 South Adams Street",39.164651,-86.551031,"Bloomington Parks & Rec","2021-05"
3764461,2021-05-11,NA,NA,NA,NA,NA,"Sanitation Building","3410 South Walnut Street",39.122987,-86.532137,"Bloomington Public Works","2021-05"
3764463,2021-05-11,NA,NA,NA,NA,NA,"Maintenance Building 545","545 South Adams Street",39.161806,-86.549627,"Bloomington Parks & Rec","2021-05"
3764464,2021-05-11,NA,NA,NA,NA,NA,"Fire 4","2201 East 3rd Street",39.164505,-86.506999,"Bloomington Public Works","2021-05"
3764465,2021-05-11,NA,NA,NA,NA,NA,"Winslow SR.","2120 South Highland Avenue",39.140232,-86.516402,"Bloomington Parks & Rec","2021-05"
3764466,2021-05-11,NA,NA,NA,NA,NA,"Winslow Tennis","2120 South Highland Avenue",39.140232,-86.516402,"Bloomington Parks & Rec","2021-05"
3764467,2021-05-11,NA,NA,NA,NA,NA,"Morton St Garage","220 North Morton Street",39.1678,-86.535909,"Bloomington Public Works","2021-05"
3764468,2021-05-11,NA,NA,NA,NA,NA,"Bryan Park","1020 South Woodlawn Avenue",39.15514,-86.523304,"Bloomington Parks & Rec","2021-05"
3764469,2021-05-11,NA,NA,NA,NA,NA,"Mills Pool","1100 West 14th Street",39.175869,-86.547203,"Bloomington Parks & Rec","2021-05"
3764470,2021-05-11,NA,NA,NA,NA,NA,"Walnut St Garage","302 North Walnut Street",39.168868,-86.53325,"Bloomington Public Works","2021-05"
3764471,2021-05-11,NA,NA,NA,NA,NA,"Street Department","1981 South Henderson Street",39.14464,-86.526946,"Bloomington Public Works","2021-05"
3764472,2021-05-11,NA,NA,NA,NA,NA,"Fire 2","800 North Woodlawn Avenue",39.173432,-86.523501,"Bloomington Public Works","2021-05"
3764473,2021-05-11,NA,NA,NA,NA,NA,"Fleet Maintenance Facility","800 East Miller Drive",39.146887,-86.524275,"Bloomington Public Works","2021-05"
3764474,2021-05-11,NA,NA,NA,NA,NA,"Fire 1","217 South Lincoln Street",39.164879,-86.530824,"Bloomington Public Works","2021-05"
3764475,2021-05-11,NA,NA,NA,NA,NA,"Olcott Park","1300 East Canada Drive",39.127835,-86.510092,"Bloomington Parks & Rec","2021-05"
3764476,2021-05-11,NA,NA,NA,NA,NA,"RCA Thompson","2125 West Rca Park Drive",39.144607,-86.54551,"Bloomington Parks & Rec","2021-05"
3767517,2021-05-11,NA,-10,-10,-10,NA,"Showers City Hall Covered Parking","401 North Morton Street",39.170308,-86.536943,"Bloomington Public Works","2021-05"
3767518,2021-05-11,NA,NA,NA,NA,NA,"SE Booster Station & Tank","4101 South Harrell Road",39.119423,-86.497204,"Bloomington Utilites","2021-05"
3767519,2021-05-11,NA,NA,NA,NA,NA,"Twin Lakes Ballfields","2350 West Bloomfield Road",39.153763,-86.565233,"Bloomington Parks & Rec","2021-05"
3767523,2021-05-11,NA,-40,-40,-30,NA,"Bus Transit Center","301 South Walnut Street",39.164416,-86.533327,"Bloomington Public Works","2021-05"
3767528,2021-05-11,NA,-88,-95,-22,NA,"Dillman WWTP Complex","100 West Dillman Road",39.094383,-86.54907,"Bloomington Utilites","2021-05"
3767564,2021-05-11,NA,120,111,65,NA,"Monroe WTP Complex","7470 South Shields Ridge Road",39.071776,-86.463666,"Bloomington Utilites","2021-05"
3767565,2021-05-11,NA,NA,NA,NA,NA,"Frank Southern Center","1965 South Henderson Street",39.144845,-86.526945,"Bloomington Parks & Rec","2021-05"
3767567,2021-05-11,NA,NA,NA,NA,NA,"Utility Department HQ","600 East Miller Drive",39.146239,-86.5261,"Bloomington Utilites","2021-05"
3767568,2021-05-11,NA,NA,NA,NA,NA,"Twin Lakes Rec Center","1700 West Bloomfield Road",39.15635,-86.563258,"Bloomington Parks & Rec","2021-05"
